{
    "black": {
        "prumerna": "15.3",
        "median": "20.7",
        "maximalni": "22.8",
        "minimalni": "7.1",
        "posledni": "21.2",
        "cas": "2020-05-19T18:21:26",
        "online": true
    },
    "blue": {
        "prumerna": "18.6",
        "median": "23.6",
        "maximalni": "25.7",
        "minimalni": "10.0",
        "posledni": "23.9",
        "cas": "2020-05-19T18:21:23",
        "online": true
    },
    "green": {
        "prumerna": "16.1",
        "median": "24.1",
        "maximalni": "45.5",
        "minimalni": "3.6",
        "posledni": "23.9",
        "cas": "2020-05-19T18:21:25",
        "online": true
    },
    "orange": {
        "prumerna": "15.3",
        "median": "21.9",
        "maximalni": "23.9",
        "minimalni": "6.2",
        "posledni": "21.9",
        "cas": "2020-05-19T18:20:33",
        "online": true
    },
    "pink": {
        "prumerna": "21.8",
        "median": "21.1",
        "maximalni": "43.1",
        "minimalni": "3.6",
        "posledni": "21.6",
        "cas": "2020-05-19T18:20:30",
        "online": true
    },
    "red": {
        "prumerna": "20.4",
        "median": "23.8",
        "maximalni": "25.9",
        "minimalni": "13.9",
        "posledni": "23.7",
        "cas": "2020-05-19T18:21:12",
        "online": true
    },
    "yellow": {
        "prumerna": "14.9",
        "median": "22.0",
        "maximalni": "24.5",
        "minimalni": "4.8",
        "posledni": "22.0",
        "cas": "2020-05-19T18:20:33",
        "online": true
    }
}