{
    "black": {
        "prumerna": "15.0",
        "median": "18.2",
        "maximalni": "22.8",
        "minimalni": "7.1",
        "posledni": "21.1",
        "cas": "2020-05-19T18:11:26",
        "online": true
    },
    "blue": {
        "prumerna": "18.4",
        "median": "23.6",
        "maximalni": "25.7",
        "minimalni": "10.0",
        "posledni": "24.1",
        "cas": "2020-05-19T18:11:23",
        "online": true
    },
    "green": {
        "prumerna": "15.9",
        "median": "24.3",
        "maximalni": "45.5",
        "minimalni": "3.6",
        "posledni": "24.3",
        "cas": "2020-05-19T18:11:24",
        "online": true
    },
    "orange": {
        "prumerna": "15.0",
        "median": "18.3",
        "maximalni": "23.9",
        "minimalni": "6.2",
        "posledni": "22.7",
        "cas": "2020-05-19T18:11:33",
        "online": true
    },
    "pink": {
        "prumerna": "21.8",
        "median": "20.7",
        "maximalni": "43.1",
        "minimalni": "3.6",
        "posledni": "22.8",
        "cas": "2020-05-19T18:11:29",
        "online": true
    },
    "red": {
        "prumerna": "20.2",
        "median": "23.8",
        "maximalni": "25.9",
        "minimalni": "13.9",
        "posledni": "23.8",
        "cas": "2020-05-19T18:11:11",
        "online": true
    },
    "yellow": {
        "prumerna": "14.6",
        "median": "14.1",
        "maximalni": "24.5",
        "minimalni": "4.8",
        "posledni": "22.9",
        "cas": "2020-05-19T18:11:32",
        "online": true
    }
}